{
  "Open": {
    "mean": -0.1476227519814798,
    "std": 1.0234338910111105,
    "p05": -2.2383634444355933,
    "p95": 0.9849088967389004
  },
  "price_to_sma50": {
    "mean": 0.12770987151475147,
    "std": 1.008189185952119,
    "p05": -1.1913337597160478,
    "p95": 1.77176559714106
  },
  "low_52w_pct": {
    "mean": -0.08677953447367308,
    "std": 1.0762213160695708,
    "p05": -2.296481556590903,
    "p95": 1.0174316149744898
  },
  "high_52w_pct": {
    "mean": 0.1385097003595038,
    "std": 0.9618048110900779,
    "p05": -1.4060429328079527,
    "p95": 1.3455227891031991
  },
  "reversal_1w": {
    "mean": 0.030456515741738546,
    "std": 0.9896301923397381,
    "p05": -1.505605535661947,
    "p95": 1.7952216112238644
  },
  "volume_zscore": {
    "mean": 0.013044637906531502,
    "std": 0.9681525591941288,
    "p05": -1.180664562153286,
    "p95": 2.0028194986406302
  },
  "bb_pct": {
    "mean": 0.07146235892269581,
    "std": 0.9742993229427496,
    "p05": -1.7376701516616,
    "p95": 1.247846186786349
  },
  "price_to_sma200": {
    "mean": 0.290387670804418,
    "std": 0.8748471832261603,
    "p05": -0.9704704526775942,
    "p95": 1.5091816966352583
  },
  "downside_deviation": {
    "mean": -0.11587149360710411,
    "std": 0.9987278243847367,
    "p05": -1.3926807045043834,
    "p95": 1.645533427581986
  },
  "insdr_change": {
    "mean": -0.29677339187521307,
    "std": 0.9039106752988505,
    "p05": -2.099615991461348,
    "p95": 0.7094162738151039
  },
  "ATR_14": {
    "mean": -0.08689730803094953,
    "std": 1.0807236618584557,
    "p05": -1.5740893718752993,
    "p95": 2.032729913784159
  },
  "SMA_200": {
    "mean": -0.37629005420504447,
    "std": 0.7429964930430465,
    "p05": -1.3748242762282343,
    "p95": 0.9548922247790208
  },
  "news_sent_av_7d": {
    "mean": 0.17556335664646205,
    "std": 1.0437313987675638,
    "p05": -1.4015305443394572,
    "p95": 2.384091068675381
  },
  "news_sent_7d": {
    "mean": 0.21396904755750065,
    "std": 0.8750907415686012,
    "p05": -0.7253884334062679,
    "p95": 1.511192130734901
  },
  "news_sent_marketaux": {
    "mean": 0.2301409409900208,
    "std": 0.9575312052469077,
    "p05": -1.2339069884939535,
    "p95": 2.304201982538632
  },
  "qqq_corr_20d": {
    "mean": -0.06345084003000798,
    "std": 0.8918050654770561,
    "p05": -1.8053323044912741,
    "p95": 1.1523344043358925
  },
  "spy_beta_60d": {
    "mean": -0.21999991632128513,
    "std": 0.91179835600303,
    "p05": -1.5687646170531966,
    "p95": 1.4288476138904846
  },
  "yield_curve_slope": {
    "mean": -0.31245294188514716,
    "std": 0.8427491886270159,
    "p05": -1.311743984570982,
    "p95": 1.190295405536289
  },
  "yield_10y": {
    "mean": -0.06876997351690363,
    "std": 1.0253769448807346,
    "p05": -1.5711633825600873,
    "p95": 1.72082371455184
  },
  "vix_level": {
    "mean": -0.2897271856046067,
    "std": 0.6978720094526784,
    "p05": -1.1402447343914617,
    "p95": 1.0499779140618686
  },
  "price_accel": {
    "mean": -0.12335347190847401,
    "std": 1.0765365039763917,
    "p05": -2.091191749467583,
    "p95": 1.5972848246479514
  },
  "SMA_20": {
    "mean": -0.14400937550746826,
    "std": 1.0638352235650985,
    "p05": -2.503215350899003,
    "p95": 0.8787333007827339
  },
  "OBV": {
    "mean": -0.18637321631862844,
    "std": 0.9895549782252095,
    "p05": -2.3572248998110306,
    "p95": 0.7954099869585929
  },
  "momentum_3m": {
    "mean": 0.15757291784925875,
    "std": 1.0530883259785564,
    "p05": -1.0103650220293383,
    "p95": 2.423817720261503
  },
  "RSI_14": {
    "mean": 0.08532838505868214,
    "std": 0.9788112199126013,
    "p05": -1.4396205560241164,
    "p95": 1.6177626801468916
  },
  "max_drawdown_20d": {
    "mean": 0.10851622068203191,
    "std": 0.9621174597806558,
    "p05": -1.8180546768878696,
    "p95": 0.951619588949879
  },
  "Volume": {
    "mean": 0.043970498384073346,
    "std": 1.0031175133280232,
    "p05": -1.1304746423350565,
    "p95": 2.0212604580399227
  },
  "kurtosis_20d": {
    "mean": -0.0917725849463849,
    "std": 1.001930344453525,
    "p05": -1.4315408025085428,
    "p95": 1.6843691105452558
  },
  "vol_of_vol": {
    "mean": 0.056412116674383894,
    "std": 1.0997527134178722,
    "p05": -0.739559097385817,
    "p95": 3.109928472526984
  },
  "realized_vol_20d": {
    "mean": -0.10013321156551504,
    "std": 1.0589408796400224,
    "p05": -1.296628317406492,
    "p95": 1.6710091578566382
  },
  "high_low_range": {
    "mean": -0.028800791885150865,
    "std": 1.0187144017988592,
    "p05": -1.1936898435990095,
    "p95": 1.9984532869076075
  },
  "MACD_signal": {
    "mean": 0.1353593517264927,
    "std": 0.9657623108006189,
    "p05": -1.3814464003179172,
    "p95": 1.6339665160473018
  },
  "MACD_hist": {
    "mean": -0.0702333504687004,
    "std": 0.9195156031988818,
    "p05": -1.6574735080053937,
    "p95": 1.536611406642152
  },
  "momentum_6m": {
    "mean": 0.19053843413194943,
    "std": 1.0306203652937689,
    "p05": -1.2980280245100426,
    "p95": 2.1371470439861096
  },
  "cluster_kmeans": {
    "mean": 0.645,
    "std": 0.4785133226985431,
    "p05": 0.0,
    "p95": 1.0
  },
  "anomaly_iso": {
    "mean": 0.05,
    "std": 0.2179449471770336,
    "p05": 0.0,
    "p95": 0.04999999999998295
  },
  "anomaly_score": {
    "mean": -0.4577390550804246,
    "std": 0.03614753498450703,
    "p05": -0.5281957633076577,
    "p95": -0.4126906157632235
  }
}