alpha,nu,rho
1.1522762285445025,0.638256470292819,0.5561351090732982
